id;version;name
101_1039;1.0;Agriturismo - comuni
101_1039_DF_DCSP_AGRITURISMO_COM_1;1.0;Agriturismo - comuni
101_1077;1.0;Prodotti di qualità DOP/IGP e STG: operatori - dati comunali
101_1077_DF_DCSP_DOPIGP_COM_1;1.0;Prodotti di qualità DOP/IGP e STG: operatori - dati comunali
101_962;1.0;Import export di bestiame
117_1035;1.0;Servizi bancari - dati comunali
117_1035_DF_DCAT_SERVBANC_COM_1;1.0;Servizi bancari - dati comunali
117_262_DF_DCSC_FIDIMPRSERV_5;1.0;Clima e saldi mensili destagionalizzati per Ateco2007 - livello nazionale e ripartizionale
117_262_DF_DCSC_FIDIMPRSERV_6;1.0;Clima, saldi e frequenze mensili grezzi per Ateco 2007 - livello nazionale e ripartizionale
11_111_DF_DCSC_RESID_CONSTR_1;1.0;Fabbricati residenziali nuovi e relative abitazioni  - province e classi di comune
11_111_DF_DCSC_RESID_CONSTR_10;1.0;Superfici dei fabbricati residenziali nuovi per destinazione d'uso -  ripartizioni e classi di comune
11_111_DF_DCSC_RESID_CONSTR_11;1.0;Fabbricati residenziali nuovi e ampliamenti con relative abitazioni per richiedente il titolo abilitativo - regioni e classi di comune
11_111_DF_DCSC_RESID_CONSTR_12;1.0;Fabbricati residenziali nuovi per tipologia dell'impianto - ripartizioni e e classi di comune
11_111_DF_DCSC_RESID_CONSTR_13;1.0;Ampliamenti di fabbricati residenziali con o senza sopraelevazione - ripartizioni e e classi di comune
11_111_DF_DCSC_RESID_CONSTR_14;1.0;Fabbricati nuovi e ampliamenti di fabbricati destinati a collettività - ripartizioni e classi di comune
11_111_DF_DCSC_RESID_CONSTR_15;1.0;Fabbricati residenziali nuovi e ampliamenti di fabbricati residenziali per piano casa - ripartizioni e classi di comune
11_111_DF_DCSC_RESID_CONSTR_2;1.0;Ampliamenti di fabbricati residenziali - province e classi di comune
11_111_DF_DCSC_RESID_CONSTR_3;1.0;Fabbricati residenziali nuovi per numero di abitazioni - regioni e classi di comune
11_111_DF_DCSC_RESID_CONSTR_4;1.0;Fabbricati residenziali nuovi e ampliamenti per titolo abilitativo - ripartizioni e classi di comune
11_111_DF_DCSC_RESID_CONSTR_5;1.0;Fabbricati residenziali nuovi e ampliamenti per durata prevista dei lavori -  ripartizioni e classi di comune
11_111_DF_DCSC_RESID_CONSTR_6;1.0;Abitazioni in fabbricati residenziali nuovi per numero di stanze - province
11_111_DF_DCSC_RESID_CONSTR_7;1.0;Abitazioni in fabbricati residenziali nuovi per classi di superficie utile abitabile - province
11_111_DF_DCSC_RESID_CONSTR_8;1.0;Abitazioni in fabbricati residenziali nuovi per numero di stanze e superficie utile abitabile - ripartizioni e classi di comune
11_111_DF_DCSC_RESID_CONSTR_9;1.0;Fabbricati residenziali nuovi per numero di piani - regioni e classi di comune
121_330_DF_DCSC_TRAMERCIS1_2;1.0;Merci trasportate - tonnellate per territorio di origine e di destinazione e macrobranca merceologica
121_330_DF_DCSC_TRAMERCIS1_3;1.0;Merci trasportate - tonnellate per territorio di origine e di destinazione e titolo di trasporto
121_330_DF_DCSC_TRAMERCIS1_4;1.0;Merci trasportate per territorio di origine e titolo di trasporto (trasporto interno)
121_330_DF_DCSC_TRAMERCIS1_5;1.0;Merci trasportate per territorio di origine e titolo di trasporto (trasporto complessivo)
121_330_DF_DCSC_TRAMERCIS1_6;1.0;Merci trasportate per territorio di destinazione e titolo di trasporto (trasporto interno)
121_330_DF_DCSC_TRAMERCIS1_7;1.0;Merci trasportate per territorio di destinazione e titolo di trasporto (trasporto complessivo)
150_105_DF_DCCV_ORELAVMED_UNT2020_1;1.0;Numero di ore medie settimanali effettivamente lavorate pro-capite - livello ripartizionale
150_105_DF_DCCV_ORELAVMED_UNT2020_2;1.0;Numero di occupati per ore settimanali effettivamente lavorate - livello ripartizionale
150_1172_DF_DCCV_TAXATVTDE1_UNT2020_2;1.0;Ripartizioni
150_1173_DF_DCCV_FORZLVDE1_UNT2020_2;1.0;Ripartizioni
150_1174_DF_DCCV_OCCUPATITDE1_UNT2020_4;1.0;Ripartizioni
150_1175_DF_DCCV_TAXOCCUDE1_UNT2020_2;1.0;Ripartizioni
150_1189_DF_DCCV_TAXOCCU1_UNT2020_4;1.0;Dati provinciali
150_1190_DF_DCCV_FORZLV1_UNT2020_6;1.0;Dati provinciali
150_1191_DF_DCCV_TAXATVT1_UNT2020_4;1.0;Dati provinciali
150_880_DF_DCCV_TAXATVTDE1_2;1.0;Ripartizioni
150_881_DF_DCCV_FORZLVDE1_2;1.0;Ripartizioni
150_882_DF_DCCV_OCCUPATITDE1_4;1.0;Ripartizioni
150_883_DF_DCCV_TAXOCCUDE1_2;1.0;Ripartizioni
150_908_DF_DCCV_FORZLV1_7;1.0;Dati provinciali
150_915_DF_DCCV_TAXOCCU1_5;1.0;Dati provinciali
150_916_DF_DCCV_TAXATVT1_5;1.0;Dati provinciali
151_1178_DF_DCCV_TAXDISOCCUDE1_UNT2020_2;1.0;Ripartizioni
151_1179_DF_DCCV_DISOCCUPTDE1_UNT2020_2;1.0;Ripartizioni
151_1192_DF_DCCV_DISOCCUPT1_UNT2020_6;1.0;Dati provinciali
151_1193_DF_DCCV_TAXDISOCCU1_UNT2020_7;1.0;Dati provinciali
151_884_DF_DCCV_TAXDISOCCUDE1_2;1.0;Ripartizioni
151_885_DF_DCCV_DISOCCUPTDE1_2;1.0;Ripartizioni
151_914_DF_DCCV_TAXDISOCCU1_8;1.0;Dati provinciali
151_929_DF_DCCV_DISOCCUPT1_7;1.0;Dati provinciali
152_1182_DF_DCCV_TAXINATTDE1_UNT2020_2;1.0;Ripartizioni
152_1183_DF_DCCV_INATTIVDE1_UNT2020_2;1.0;Ripartizioni
152_1185_DF_DCCV_INATTIV1_UNT2020_9;1.0;Dati provinciali
152_1196_DF_DCCV_TAXINATT1_UNT2020_4;1.0;Dati provinciali
152_886_DF_DCCV_TAXINATTDE1_2;1.0;Ripartizioni
152_887_DF_DCCV_INATTIVDE1_2;1.0;Ripartizioni
152_913_DF_DCCV_TAXINATT1_5;1.0;Dati provinciali
152_928_DF_DCCV_INATTIV1_10;1.0;Dati provinciali
159_19;1.0;Scuole con alunni con sordità e presenza comunicatori
159_19_DF_DCIS_SCUOLESORDI_1;1.0;Scuole con alunni con sordità e presenza comunicatori
164_164_DF_DASH_DCIS_RICPOPRES2011_24;1.0;Tutti i comuni
164_164_DF_DCIS_RICPOPRES2011_1;1.0;Italia, regioni, province
164_164_DF_DCIS_RICPOPRES2011_24;1.0;Tutti i comuni
164_164_DF_DCIS_RICPOPRES2011_7;1.0;Provincia Autonoma Bolzano/Bozen
164_164_DF_DCIS_RICPOPRES2011_8;1.0;Provincia Autonoma Trento
164_279_DF_DASH_DCIS_RICPOPRES1991_23;1.0;Tutti i comuni
164_279_DF_DCIS_RICPOPRES1991_1;1.0;Italia, regioni, province
164_279_DF_DCIS_RICPOPRES1991_23;1.0;Tutti i comuni
164_279_DF_DCIS_RICPOPRES1991_6;1.0;Provincia Autonoma Bolzano/Bozen
164_279_DF_DCIS_RICPOPRES1991_7;1.0;Provincia Autonoma Trento
164_305_DF_DASH_DCIS_RICPOPRES2001_23;1.0;Tutti i comuni
164_305_DF_DCIS_RICPOPRES2001_1;1.0;Italia, regioni, province
164_305_DF_DCIS_RICPOPRES2001_23;1.0;Tutti i comuni
164_305_DF_DCIS_RICPOPRES2001_6;1.0;Provincia Autonoma Bolzano/Bozen
164_305_DF_DCIS_RICPOPRES2001_7;1.0;Provincia Autonoma Trento
165_1245;1.0;Previsioni comunali della popolazione - Anni 2024-2050
165_1245_DF_DCIS_PREVCOM_1;1.0;Previsioni comunali: Popolazione residente per sesso e classi quinquennali di età - Scenario mediano
165_1245_DF_DCIS_PREVCOM_2;1.0;Previsioni comunali: Componenti del bilancio demografico - Scenario mediano
165_1245_DF_DCIS_PREVCOM_3;1.0;Previsioni comunali: Tassi generici del movimento demografico - Scenario mediano
165_1245_DF_DCIS_PREVCOM_4;1.0;Previsioni comunali: Principali indicatori strutturali - Scenario mediano
174_321_DF_DCCV_ATTPRINC_11;1.0;Attività - sesso, rip. e tipo di comune
174_321_DF_DCCV_ATTPRINC_14;1.0;Punti orari - sesso, età, rip. tipo di comune
174_321_DF_DCCV_ATTPRINC_5;1.0;Sesso, età - reg. e tipo di comune
174_321_DF_DCCV_ATTPRINC_7;1.0;Bambini, sesso, condizione lavorativa dei genitori - rip. e tipo di comune
174_66_DF_DCCV_CONCHI_5;1.0;Sesso, età - rip. e tipo di comune
174_66_DF_DCCV_CONCHI_7;1.0;Bambini, sesso, condizione lavorativa dei genitori - rip. e tipo di comune
174_82_DF_DCCV_LUOGHI_10;1.0;Punti orari - sesso, età - rip. tipo di comune
174_82_DF_DCCV_LUOGHI_5;1.0;Sesso, età - reg. tipo di comune
174_82_DF_DCCV_LUOGHI_7;1.0;Bambini, sesso, condizione lavorativa dei genitori - rip. e tipo di comune
183_1163;1.0;Unità locali e addetti - territorio anno riferimento dati
183_1163_DF_DICA_ASIAULP_TERRIFDATA_1;1.0;Unità locali e addetti - Territorio anno riferimento dati - Principali dati
183_1163_DF_DICA_ASIAULP_TERRIFDATA_2;1.0;Settori economici (Ateco 5 cifre) - tipo e ampiezza demografica dei comuni e prov.
183_285_DF_DICA_ASIAULP_2;1.0;Settori economici (Ateco 5 cifre) - tipo e ampiezza demografica dei comuni e prov.
22_222_DF_DCSC_NONRESID_CONSTR_1;1.0;Fabbricati non residenziali nuovi e relative abitazioni - province e classi di comune
22_222_DF_DCSC_NONRESID_CONSTR_10;1.0;Ampliamenti di fabbricati non residenziali con o senza sopraelevazione - ripartizioni e classi di comune
22_222_DF_DCSC_NONRESID_CONSTR_2;1.0;Ampliamenti di fabbricati non residenziali e relative abitazioni - province e classi di comune
22_222_DF_DCSC_NONRESID_CONSTR_3;1.0;Fabbricati non residenziali nuovi e ampliamenti per titolo abilitativo - ripartizioni e classi di comune
22_222_DF_DCSC_NONRESID_CONSTR_4;1.0;Fabbricati non residenziali nuovi e ampliamenti per durata prevista dei lavori - ripartizioni e classi di comune
22_222_DF_DCSC_NONRESID_CONSTR_5;1.0;Superfici dei fabbricati non residenziali nuovi per destinazione d'uso - ripartizioni e classi di comune
22_222_DF_DCSC_NONRESID_CONSTR_6;1.0;Superfici degli ampliamenti di fabbricati non residenziali per destinazione d'uso - ripartizioni e classi di comune
22_222_DF_DCSC_NONRESID_CONSTR_7;1.0;Fabbricati non residenziali nuovi e ampliamenti per destinazione economica - province e classi di comune
22_222_DF_DCSC_NONRESID_CONSTR_8;1.0;Fabbricati non residenziali nuovi e ampliamenti per richiedente il titolo abilitativo - regioni e classi di comune
22_222_DF_DCSC_NONRESID_CONSTR_9;1.0;Fabbricati non residenziali nuovi per tipologia dell'impianto - ripartizioni e classi di comune
22_289_DF_DASH_DCIS_POPRES1_1;1.0;Dashboard - Tutti i comuni
22_289_DF_DCIS_POPRES1_1;1.0;Italia, regioni, province
22_289_DF_DCIS_POPRES1_1_YOU;1.0;Italia, regioni, province - Giovani
22_289_DF_DCIS_POPRES1_24;1.0;Tutti i comuni per singola età
22_289_DF_DCIS_POPRES1_25;1.0;Tutti i comuni per stato civile
22_289_DF_DCIS_POPRES1_26;1.0;Tutti i comuni per singola età e stato civile
22_289_DF_DCIS_POPRES1_7;1.0;Provincia Autonoma Bolzano/Bozen
22_289_DF_DCIS_POPRES1_8;1.0;Provincia Autonoma Trento
22_289_LT;1.0;Popolazione residente al 1° gennaio - provincia di Latina
22_315_DF_DASH_DCIS_POPORESBIL1_24;1.0;Tutti i comuni per singola età
22_315_DF_DCIS_POPORESBIL1_24;1.0;Tutti i comuni
22_315_DF_DCIS_POPORESBIL1_7;1.0;Provincia Autonoma Bolzano/Bozen
22_315_DF_DCIS_POPORESBIL1_8;1.0;Provincia Autonoma Trento
24_186_DF_DCIS_MATRDEMO_14;1.0;Provincia Autonoma Bolzano/Bozen
24_186_DF_DCIS_MATRDEMO_15;1.0;Provincia Autonoma Trento
24_186_DF_DCIS_MATRDEMO_9;1.0;Tipo di comune e rito
25_1242_DF_DCCV_FERTINT1_4;1.0;Intenzione di avere figli entro tre anni delle persone con lo stesso territorio di residenza
25_1242_DF_DCCV_FERTINT1_7;1.0;Intenzione di avere figli in futuro delle persone con lo stesso territorio di residenza
272_1164_DF_DCCV_RELAZ_PARENT_1;1.0;Relazioni di parentela per territorio
272_1164_DF_DCCV_RELAZ_PARENT_4;1.0;Persone per numero di nonni non conviventi per territorio
272_1164_DF_DCCV_RELAZ_PARENT_5;1.0;Prossimità abitativa per territorio
272_1164_DF_DCCV_RELAZ_PARENT_7;1.0;Frequenza dei contatti per territorio
28_185_DF_DCIS_MIGRAZIONI_4;1.0;Immigrati - province di destinazione
28_185_DF_DCIS_MIGRAZIONI_7;1.0;Emigrati - province di origine
29_316_DF_DCIS_POPSTRBIL1_1;1.0;Italia, regioni, province
29_316_DF_DCIS_POPSTRBIL1_23;1.0;Tutti i comuni
29_316_DF_DCIS_POPSTRBIL1_6;1.0;Provincia Autonoma Bolzano/Bozen
29_316_DF_DCIS_POPSTRBIL1_7;1.0;Provincia Autonoma Trento
29_317_DF_DCIS_POPSTRCIT1_1;1.0;Italia, regioni, province - Paese di cittadinanza
29_317_DF_DCIS_POPSTRCIT1_23;1.0;Tutti i comuni
29_317_DF_DCIS_POPSTRCIT1_24;1.0;Italia, regioni, province - Area geopolitica di cittadinanza
29_317_DF_DCIS_POPSTRCIT1_6;1.0;Provincia Autonoma Bolzano/Bozen
29_317_DF_DCIS_POPSTRCIT1_7;1.0;Provincia Autonoma Trento
29_348;1.0;Permessi di soggiorno dei cittadini non comunitari
29_348_DF_DCIS_PERMSOGG1_11;1.0;Sesso, età, provincia
29_348_DF_DCIS_PERMSOGG1_4;1.0;Tipo di permesso e provincia
29_348_DF_DCIS_PERMSOGG1_5;1.0;Provincia e cittadinanza
29_348_DF_DCIS_PERMSOGG1_6;1.0;Provincia e classe di età
29_348_DF_DCIS_PERMSOGG1_7;1.0;Provincia e stato civile
29_7_DF_DCIS_POPSTRRES1_1;1.0;Italia, regioni, province
29_7_DF_DCIS_POPSTRRES1_23;1.0;Tutti i comuni
29_7_DF_DCIS_POPSTRRES1_6;1.0;Provincia Autonoma Bolzano/Bozen
29_7_DF_DCIS_POPSTRRES1_7;1.0;Provincia Autonoma Trento
30_1008;1.0;Reddito delle persone fisiche (Irpef)  - comuni
30_264_DF_DCSC_FIDCONS_1;1.0;Climi grezzi (base 2021=100) - Climi grezzi e destagionalizzati (base 2010=100) - livello nazionale e ripartizionale
30_264_DF_DCSC_FIDCONS_10;1.0;Climi grezzi e destagionalizzati - livello nazionale e ripartizionale (base 2010=100)
30_264_DF_DCSC_FIDCONS_11;1.0;Saldi mensili grezzi e destagionalizzati - livello nazionale e ripartizionale
30_264_DF_DCSC_FIDCONS_2;1.0;Saldi mensili grezzi - livello nazionale e ripartizionale
31_739_DF_DCCV_SPEMEFAM_11;1.0;Regioni e tipo di comune
31_740_DF_DCCV_SPEMEFAM_COICOP_2018_11;1.0;Regioni e tipo di comune
32_223_DF_DCCV_FONTEPRED_6;1.0;Regioni e tipo di comune
32_292_DF_DCCV_REDNETFAMFONTERED_9;1.0;Regioni e tipo di comune
33_179_DF_DCCV_ABITAFFOLL_6;1.0;Regioni e tipo di comune
33_225_DF_DCCV_ABITSPESA_6;1.0;Regioni e tipo di comune
33_290_DF_DCCV_TITGODABIT_6;1.0;Regioni e tipo di comune
33_291_DF_DCCV_PROBLZONRES_2_6;1.0;Regioni e tipo di comune
33_4_DF_DCCV_ABITPROBL_6;1.0;Regioni e tipo di comune
34_215_DF_DCCV_ARRETRATI_6;1.0;Ripartizioni e tipo di comune
34_216_DF_DCCV_IMPREV_6;1.0;Ripartizioni, regioni e tipo di comune
34_217_DF_DCCV_CARICOPES_6;1.0;Ripartizioni e tipo di comune
34_218_DF_DCCV_DIFFBENDUR_6;1.0;Ripartizioni e tipo di comune
34_219_DF_DCCV_NOSOLDI_6;1.0;Ripartizioni e tipo di comune
34_220_DF_DCCV_REDDFINMES_6;1.0;Ripartizioni e tipo di comune
34_226_DF_PERCEPIT_6;1.0;Ripartizioni, regioni e tipo di comune
34_280_DF_DCCV_FAMNOVOCISPESA_6;1.0;Ripartizioni e tipo di comune
34_727_DF_DCCV_POVERTA_7;1.0;Famiglie povere - tipo comune di residenza
34_728_DF_DCCV_POVERTA_BRKN1_3;1.0;Famiglie povere - tipo comune di residenza
392_586;1.0;Dottorati - mobilità territoriale
39_493;1.0;Mortalità per territorio di evento
39_494;1.0;Mortalità per territorio di residenza
39_700;1.0;Mortalità infantile per territorio di evento
39_701;1.0;Mortalità infantile per territorio di residenza
41_983;1.0;Incidenti, morti e feriti - comuni
41_983_DF_DCIS_INCIDMORFER_COM_1;1.0;Incidenti, morti e feriti - comuni
41_993;1.0;Veicoli - Pubblico registro automobilistico - comuni
41_993_DCIS_VEICOLIPRA_COM_1;1.0;Veicoli - Pubblico registro automobilistico - comuni
43_339_DF_DCIS_OSPSTRA_3;1.0;Provincia di dimissione
43_994;1.0;Istituti di cura  - comuni
47_1219;1.0;Interventi e servizi sociali di regioni e province
47_850_DF_DCIS_SERVSOCEDU1_2;1.0;Servizi offerti dai comuni - reg.
47_850_DF_DCIS_SERVSOCEDU1_3;1.0;Servizi offerti dai comuni - prov. e com.
47_850_DF_DCIS_SERVSOCEDU1_4;1.0;Servizi offerti dai comuni - ambiti territoriali sociali (Ats)
47_850_DF_DCIS_SERVSOCEDU1_5;1.0;Servizi sul territorio - reg.
47_850_DF_DCIS_SERVSOCEDU1_6;1.0;Servizi sul territorio - prov. e com.
47_850_DF_DCIS_SERVSOCEDU1_7;1.0;Servizi sul territorio - ambiti territoriali sociali (Ats)
47_940;1.0;Interventi e servizi sociali dei comuni
47_940_DF_DCIS_SPESESERSOC1_5;1.0;Utenti e spesa - Ambiti territoriali sociali (Ats)
498_1104_DF_DCCV_RISKPOV_16;1.0;Ripartizioni e tipo di comune
498_1104_DF_DCCV_RISKPOV_8;1.0;Ripartizioni e tipo di comune
56_1045;1.0;Iscritti all'università - comune dell'ateneo
56_1046;1.0;Iscritti all'università - comune di residenza
60_1004;1.0;Musei ed istituzioni similari - comuni
60_1004_DF_DCIS_MUSVIS_COM_1;1.0;Musei ed istituzioni similari - comuni
60_130_DF_DCCV_ICT_11;1.0;Tipo di acquisti e ordini - reg. e tipo di comune
60_130_DF_DCCV_ICT_2;1.0;Famiglie e accesso ad internet - reg. e tipo comune
60_130_DF_DCCV_ICT_3;1.0;Famiglie e tipo di connessione - reg. e tipo di comune
60_130_DF_DCCV_ICT_5;1.0;Attività svolte su internet - reg. e tipo di comune
60_130_DF_DCCV_ICT_7;1.0;Interazione con la PA - reg. e tipo di comune
60_130_DF_DCCV_ICT_9;1.0;Acquisti o ordini - reg. e tipo di comune
68_359_DF_DCCV_VIAGGI_RES_12;1.0;Viaggi per tipologia del viaggio e residenza della persona che ha viaggiato. Dati percentuali sul totale dei viaggi dello stesso tipo - Livello Ripartizionale
68_359_DF_DCCV_VIAGGI_RES_13;1.0;Viaggi per tipologia del viaggio, residenza della persona che ha viaggiato e destinazione. Dati percentuali sul totale dei viaggi dello stesso tipo e con la stessa destinazione - Livello Ripartizionale
68_359_DF_DCCV_VIAGGI_RES_15;1.0;Viaggi per destinazione e tipologia del viaggio. Dati percentuali sul totale dei viaggi dello stesso tipo e con la stessa area geografica di provenienza della persona che ha viaggiato - Livello Ripartizionale
68_359_DF_DCCV_VIAGGI_RES_17;1.0;Viaggi di vacanza per durata della vacanza, principale mezzo di trasporto e residenza della persona che ha viaggiato. Dati percentuali sul totale delle vacanze della stessa durata e area geografica di provenienza della persona che ha viaggiato - Livello Ripartizionale
68_359_DF_DCCV_VIAGGI_RES_18;1.0;Viaggi di vacanza per durata della vacanza, principale alloggio e residenza della persona che ha viaggiato. Dati percentuali sul totale delle vacanze della stessa durata e area geografica di provenienza della persona che ha viaggiato - Livello ripartizionale
68_359_DF_DCCV_VIAGGI_RES_2;1.0;Viaggi per residenza della persona che ha viaggiato e tipologia del viaggio. Dati assoluti (in migliaia) - Livello Ripartizionale
68_359_DF_DCCV_VIAGGI_RES_3;1.0;Viaggi per tipologia del viaggio, residenza della persona che ha viaggiato e destinazione. Dati assoluti (in migliaia) - Livello Ripartizionale
68_359_DF_DCCV_VIAGGI_RES_4;1.0;Viaggi per residenza della persona che ha viaggiato e tipologia del viaggio. Dati assoluti (in migliaia) - Tipologia comunale
68_359_DF_DCCV_VIAGGI_RES_6;1.0;Viaggi di vacanza per durata della vacanza, principale mezzo di trasporto e residenza della persona che ha viaggiato. Dati assoluti (in migliaia) - Livello Ripartizionale
68_359_DF_DCCV_VIAGGI_RES_7;1.0;Viaggi di vacanza per durata della vacanza, principale tipo di alloggio e residenza della persona che ha viaggiato. Dati assoluti (in migliaia) - Livello Ripartizionale
68_359_DF_DCCV_VIAGGI_RES_8;1.0;Viaggi per residenza della persona che ha viaggiato e tipologia del viaggio. Dati percentuali sul totale dei viaggi con la stessa area di provenienza della persona che ha viaggiato - Livello Ripartizionale
68_359_DF_DCCV_VIAGGI_RES_9;1.0;Viaggi per residenza della persona che ha viaggiato e tipologia del viaggio. Dati percentuali sul totale dei viaggi con la stessa area di provenienza della persona che ha viaggiato - Tipologia comunale
68_371_DF_DCCV_TURISTI_10;1.0;Occupati di 15 anni e più che hanno viaggiato per lavoro per trimestre. Dati assoluti (in migliaia) - Livello ripartizionale
68_371_DF_DCCV_TURISTI_12;1.0;Occupati di 15 anni e più che hanno viaggiato per lavoro per trimestre. Dati per 100 abitanti con le stesse caratteristiche - Livello ripartizionale
68_371_DF_DCCV_TURISTI_15;1.0;Persone che hanno viaggiato. Media annuale. Dati per 100 abitanti - Livello ripartizionale
68_371_DF_DCCV_TURISTI_16;1.0;Persone di 15 anni e più occupate che hanno viaggiato per lavoro. Media annuale. Dati assoluti (in migliaia) - Livello ripartizionale
68_371_DF_DCCV_TURISTI_17;1.0;Persone di 15 anni e più occupate che hanno viaggiato per lavoro. Media annuale. Dati per 100 abitanti con le stesse caratteristiche - Livello ripartizionale
68_371_DF_DCCV_TURISTI_22;1.0;Livello ripartizionale
68_371_DF_DCCV_TURISTI_25;1.0;Livello ripartizionale
68_371_DF_DCCV_TURISTI_4;1.0;Persone che hanno viaggiato per tipologia del viaggio e trimestre. Dati assoluti (in migliaia) - Livello ripartizionale
68_371_DF_DCCV_TURISTI_6;1.0;Persone che hanno viaggiato per tipologia del viaggio e trimestre - Dati per 100 abitanti - Livello ripartizionale
68_380_DF_DCCV_VIAGGI_CHARACT_25;1.0;Viaggi medi procapite per ripartizione geografica
68_381_DF_DCCV_TURNOT_12;1.0;Notti per destinazione e tipologia del viaggio. Dati percentuali sul totale delle notti in viaggio dello stesso tipo e con la stessa destinazione - Livello Ripartizionale
68_381_DF_DCCV_TURNOT_13;1.0;Notti per destinazione e tipologia del viaggio. Dati percentuali sul totale delle notti in viaggio dello stesso tipo e con la stessa area geografica di provenienza della persona che ha viaggiato - Livello Ripartizionale
68_381_DF_DCCV_TURNOT_19;1.0;Presenze turistiche medie giornaliere di vacanza in Italia per ripartizione geografica di destinazione e trimestre. Dati per 1000 residenti - Livello Nazionale
68_381_DF_DCCV_TURNOT_5;1.0;Notti per destinazione e tipologia del viaggio. Dati assoluti (in migliaia) - Livello Ripartizionale
6_379_DF_DCCN_OCCTSEC2010_B19_2;1.0;Occupazione provinciale - edizioni gennaio 2020 - dicembre 2023
729_1050;1.0;Superfici territoriali
729_995;1.0;Caratteristiche geo-morfologiche dei comuni
737_1084;1.0;Principali aggregati territoriali di Contabilità nazionale - edizioni ottobre 2014 - dicembre 2018
737_1087_DF_DCCN_OCCTSEC2010_B14_2;1.0;Occupazione provinciale - edizioni ottobre 2014 - dicembre 2018
73_436_DF_DCCV_PROCEEDCRIME_M_1;1.0;Procedimenti e reati, tipo di comune
73_436_DF_DCCV_PROCEEDCRIME_M_13;1.0;Reati violenti, tipo di comune
73_436_DF_DCCV_PROCEEDCRIME_M_20;1.0;Reati violenti, autore ignoto, tipo di comune
73_436_DF_DCCV_PROCEEDCRIME_M_9;1.0;Reati, autore ignoto, tipo di comune
73_440_DF_DCCV_PROCEEDCRIME_A_1;1.0;Procedimenti e reati, tipo di comune
73_440_DF_DCCV_PROCEEDCRIME_A_14;1.0;Reati violenti, tipo di comune
73_440_DF_DCCV_PROCEEDCRIME_A_21;1.0;Reati violenti, autore ignoto, tipo di comune
73_440_DF_DCCV_PROCEEDCRIME_A_9;1.0;Reati, autore ignoto, tipo di comune
73_67_DF_DCCV_DELITTIPS_2;1.0;Tipo, identità dell'autore, commessi durante l'anno - grandi comuni
73_67_DF_DCCV_DELITTIPS_5;1.0;Delitti di cui si è scoperto l'autore, tipo - grandi comuni
73_67_DF_DCCV_DELITTIPS_8;1.0;Tasso di delittuosità - grandi comuni
741_1097_DF_DICA_IPSTRIPCOM_1;1.0;Istituzioni, risorse umane e genere  -  dati comunali - Dati di sintesi
741_1097_DF_DICA_IPSTRIPCOM_10;1.0;Istituzioni, risorse umane e genere  -  dati comunali - Ateco (gruppi)
741_1097_DF_DICA_IPSTRIPCOM_11;1.0;Istituzioni, risorse umane e genere  -  dati comunali - Ateco (divisioni), classe dei dipendenti, sesso dei dipendenti
741_1097_DF_DICA_IPSTRIPCOM_12;1.0;Istituzioni, risorse umane e genere  -  dati comunali - Ateco  (gruppi)
741_1097_DF_DICA_IPSTRIPCOM_2;1.0;Istituzioni, risorse umane e genere  -  dati comunali - Ateco (gruppi), classe di unità locali
741_1097_DF_DICA_IPSTRIPCOM_3;1.0;Istituzioni, risorse umane e genere  -  dati comunali - Ateco (gruppi), classe della risorsa umana nel complesso
741_1097_DF_DICA_IPSTRIPCOM_4;1.0;Istituzioni, risorse umane e genere  -  dati comunali - Ateco (gruppi), classe del personale effettivo in servizio
741_1097_DF_DICA_IPSTRIPCOM_5;1.0;Istituzioni, risorse umane e genere  -  dati comunali - Ateco (gruppi), classe dei dipendenti
741_1097_DF_DICA_IPSTRIPCOM_6;1.0;Istituzioni, risorse umane e genere  -  dati comunali - Ateco (gruppi), classe dei volontari
741_1097_DF_DICA_IPSTRIPCOM_7;1.0;Istituzioni, risorse umane e genere  -  dati comunali - Ateco  (gruppi), classe del personale effettivo in servizio
741_1097_DF_DICA_IPSTRIPCOM_8;1.0;Istituzioni, risorse umane e genere  -  dati comunali - Ateco  (gruppi), classe dei dipendenti
741_1097_DF_DICA_IPSTRIPCOM_9;1.0;Istituzioni, risorse umane e genere  -  dati comunali - Ateco (divisioni), classe del personale effettivo in servizio, sesso del personale effettivo in servizio
741_1099_DF_DICA_IPSTRULCOM_1;1.0;Unità locali, risorse umane e genere - dati comunali - Dati di sintesi
742_1138_DF_DCSI_CPI_LABCOLL_1;1.0;Strategie per il benessere lavorativo e di interesse collettivo - Macrosettori economici - prov.
742_1138_DF_DCSI_CPI_LABCOLL_2;1.0;Strategie per il benessere lavorativo e di interesse collettivo - Sezioni Ateco, classe di addetti - reg.
742_1138_DF_DCSI_CPI_LABCOLL_3;1.0;Strategie per il benessere lavorativo e di interesse collettivo - Divisione di Ateco (2 digit), classe di addetti
742_1138_DF_DCSI_CPI_LABCOLL_4;1.0;Strategie per il benessere lavorativo e di interesse collettivo - Classe di Ateco (4 digit)
742_1138_DF_DCSI_CPI_LABCOLL_5;1.0;Benessere lavorativo - Macrosettori economici - prov.
742_1138_DF_DCSI_CPI_LABCOLL_6;1.0;Benessere lavorativo - Sezioni Ateco, classe di addetti - reg.
742_1138_DF_DCSI_CPI_LABCOLL_7;1.0;Benessere lavorativo - Classe di Ateco (4 digit)
742_1138_DF_DCSI_CPI_LABCOLL_8;1.0;Benessere lavorativo - Divisione di Ateco (2 digit), classe di addetti
742_1139_DF_DCSI_CPI_LOCSEC_1;1.0;Strategie a beneficio del territorio e per la sicurezza - Macrosettori economici - prov.
742_1139_DF_DCSI_CPI_LOCSEC_2;1.0;Strategie a beneficio del territorio e per la sicurezza - Sezioni Ateco, classe di addetti - reg.
742_1139_DF_DCSI_CPI_LOCSEC_3;1.0;Strategie a beneficio del territorio e per la sicurezza - Divisione di Ateco (2 digit), classe di addetti
742_1139_DF_DCSI_CPI_LOCSEC_4;1.0;Strategie a beneficio del territorio e per la sicurezza - Classe di Ateco (4 digit)
76_177_DF_DCAR_PROTESTI_2;1.0;Territorio di iscrizione
82_87_DF_DCCV_AVQ_FAMIGLIE_101;1.0;Energia elettrica - regioni e tipo di comune
82_87_DF_DCCV_AVQ_FAMIGLIE_102;1.0;Gas - regioni e tipo di comune
82_87_DF_DCCV_AVQ_FAMIGLIE_12;1.0;Tipologie familiari - regioni e tipo comune
82_87_DF_DCCV_AVQ_FAMIGLIE_14;1.0;Giudizio sulla situazione economica - reg. e tipo di comune
82_87_DF_DCCV_AVQ_FAMIGLIE_15;1.0;Possesso di beni durevoli - reg. e tipo di comune
82_87_DF_DCCV_AVQ_FAMIGLIE_5;1.0;Monogenitori - sesso, stato civile, ripartizioni
82_87_DF_DCCV_AVQ_FAMIGLIE_6;1.0;Monogenitori  - regioni e tipo di comune
82_87_DF_DCCV_AVQ_FAMIGLIE_9;1.0;Persone sole - ripartizioni e tipo di comune
83_63_DF_DCCV_AVQ_PERSONE_103;1.0;Sport - regioni e tipo di comune
83_63_DF_DCCV_AVQ_PERSONE_107;1.0;Incontri con amici - regioni e tipo di comune
83_63_DF_DCCV_AVQ_PERSONE_112;1.0;Informazione politica (canale) - regioni e tipo di comune
83_63_DF_DCCV_AVQ_PERSONE_113;1.0;Informazione politica (frequenza) - regioni e tipo di comune
83_63_DF_DCCV_AVQ_PERSONE_114;1.0;Informazione politica (motivo) - regioni e tipo di comune
83_63_DF_DCCV_AVQ_PERSONE_119;1.0;Discussione politica - regioni e tipo di comune
83_63_DF_DCCV_AVQ_PERSONE_122;1.0;Attività politica - regioni e tipo di comune
83_63_DF_DCCV_AVQ_PERSONE_127;1.0;Fiducia interpersonale - regioni e tipo di comune
83_63_DF_DCCV_AVQ_PERSONE_128;1.0;Fiducia verso particolari persone - regioni e tipo di comune
83_63_DF_DCCV_AVQ_PERSONE_132;1.0;Associazionismo - regioni e tipo di comune
83_63_DF_DCCV_AVQ_PERSONE_136;1.0;Pratica religiosa - regioni e tipo di comune
83_63_DF_DCCV_AVQ_PERSONE_141;1.0;Grado di soddisfazione (da 0 - a 10) per la vita nel complesso - regioni e tipo di comune
83_63_DF_DCCV_AVQ_PERSONE_145;1.0;Grado di soddisfazione (da 0 - a 10) per la vita nel complesso (valore medio e mediano) - regioni e tipo di comune
83_63_DF_DCCV_AVQ_PERSONE_150;1.0;Soddisfazione per alcuni aspetti - regioni e tipo di comune
83_63_DF_DCCV_AVQ_PERSONE_154;1.0;Soddisfazione per il lavoro - ripartizioni e tipo di comune
83_63_DF_DCCV_AVQ_PERSONE_158;1.0;Treno - regioni e tipo di comune
83_63_DF_DCCV_AVQ_PERSONE_159;1.0;Pullman - regioni e tipo di comune
83_63_DF_DCCV_AVQ_PERSONE_160;1.0;Autobus - regioni e tipo di comune
83_63_DF_DCCV_AVQ_PERSONE_165;1.0;Tipo di certificato richiesto e autocertificazione - regioni e tipo di comune
83_63_DF_DCCV_AVQ_PERSONE_167;1.0;Spostamenti verso scuola - regioni e tipo di comune
83_63_DF_DCCV_AVQ_PERSONE_170;1.0;Spostamenti per andare a lavoro - regioni e tipo di comune
83_63_DF_DCCV_AVQ_PERSONE_204;1.0;Abitudine al fumo - regioni e tipo di comune
83_63_DF_DCCV_AVQ_PERSONE_208;1.0;Stato di salute - regioni e tipo di comune
83_63_DF_DCCV_AVQ_PERSONE_212;1.0;Consumo di farmaci - regioni e tipo di comune
83_63_DF_DCCV_AVQ_PERSONE_216;1.0;Ricorso al pronto soccorso e alla guardia medica - regioni e tipo di comune
83_63_DF_DCCV_AVQ_PERSONE_220;1.0;Ricoveri ospedalieri - regioni e tipo di comune
83_63_DF_DCCV_AVQ_PERSONE_227;1.0;Spettacoli - regioni e tipo di comune
83_63_DF_DCCV_AVQ_PERSONE_231;1.0;Tv e radio - regioni e tipo di comune
83_63_DF_DCCV_AVQ_PERSONE_235;1.0;Quotidiani e libri - regioni e tipo di comune
83_63_DF_DCCV_AVQ_PERSONE_239;1.0;Internet - reg. e tipo di comune
83_63_DF_DCCV_AVQ_PERSONE_243;1.0;PC - reg. e tipo di comune
83_63_DF_DCCV_AVQ_PERSONE_256;1.0;Soddisfazione per i vari aspetti del ricovero - regioni e tipo di comune
83_85_DF_DCCV_AVQ_PERSONE1_103;1.0;Anagrafe - regioni e tipo di comune
83_85_DF_DCCV_AVQ_PERSONE1_104;1.0;ASL - regioni e tipo di comune
83_85_DF_DCCV_AVQ_PERSONE1_108;1.0;Ufficio postale - regioni e tipo di comune
83_85_DF_DCCV_AVQ_PERSONE1_109;1.0;Banca - regioni e tipo di comune
83_85_DF_DCCV_AVQ_PERSONE1_214;1.0;Acqua e bevande gassate - regioni e tipo di comune
83_85_DF_DCCV_AVQ_PERSONE1_218;1.0;Vino e birra - regioni e tipo di comune
83_85_DF_DCCV_AVQ_PERSONE1_222;1.0;Aperitivi, amari e liquori - regioni e tipo di comune
83_85_DF_DCCV_AVQ_PERSONE1_226;1.0;Alcolici fuori pasto - regioni e tipo di comune
83_85_DF_DCCV_AVQ_PERSONE1_231;1.0;Indice di massa corporea - regioni e tipo di comune
83_85_DF_DCCV_AVQ_PERSONE1_235;1.0;Incidenti in ambiente domestico - regioni e tipo di comune
83_85_DF_DCCV_AVQ_PERSONE1_239;1.0;Abitudini nei pasti - regioni e tipo di comune
83_85_DF_DCCV_AVQ_PERSONE1_243;1.0;Salumi, carni, uova, pesce - regioni e tipo di comune
83_85_DF_DCCV_AVQ_PERSONE1_247;1.0;Pane, legumi, dolci, latte e formaggi - regioni e tipo di comune
83_85_DF_DCCV_AVQ_PERSONE1_251;1.0;Verdure, ortaggi e frutta - regioni e tipo di comune
83_85_DF_DCCV_AVQ_PERSONE1_255;1.0;Olio e sale - regioni e tipo di comune
85_83_DF_DCSA_VOLON_6;1.0;Regioni e tipo di comuni
85_84_DF_DCSA_VOLON1_6;1.0;Volontariato - Regioni e tipo di comuni
93_1227;1.0;Principali aggregati territoriali di Contabilità Nazionale
93_379_DF_DCCN_OCCTSEC2010_2;1.0;Occupazione provinciale
93_500;1.0;Principali aggregati territoriali di Contabilità Nazionale - edizioni gennaio 2020 - dicembre 2023
DCCV_CARGEOMOR_ST_COM;1.0;Superfici territoriali
DF_BES_TERRIT;1.0;Bes dei territori
DF_BES_TERRIT_0;1.0;Indicatori per singolo territorio
DF_BES_TERRIT_0T;1.0;Indicatori e territorio
DF_BES_TERRIT_4;1.0;Benessere economico
DF_BULK_CAG2010_DICA_GAEZALL;1.0;Stabulazione del bestiame
DF_BULK_CAG2010_DICA_GAEZALLBIO;1.0;Stabulazione del bestiame delle aziende biologiche
DF_BULK_CAG2010_DICA_GAEZPAS;1.0;Pascolo del bestiame
DF_BULK_CAG2010_DICA_GAEZPASBIO;1.0;Pascolo del bestiame delle aziende biologiche
DF_BULK_CEN2011_DICA_ASIAUL;1.0;Unità locali e addetti delle unità locali - Dati sino al livello comunale e per Sistema locale del lavoro 2001
DF_BULK_CEN2011_DICA_IPICTDCOM;1.0;Dotazione di risorse ICT - dati comunali
DF_BULK_CEN2011_DICA_IPICTUCOM;1.0;Utilizzo di risorse ICT - dati comunali
DF_BULK_CEN2011_DICA_IPQLTFCOM;1.0;Sostenibilità ambientale - dati comunali
DF_BULK_CEN2011_DICA_IPQLTGCOM;1.0;Salute e sicurezza nei luoghi di lavoro e trasparenza - dati comunali
DF_BULK_CEN2011_DICA_IPSTRIPCOM;1.0;Istituzioni, risorse umane e genere - dati comunali 2011, 2015
DF_BULK_CEN2011_DICA_IPSTRULCOM;1.0;Unità locali, risorse umane e genere - dati comunali 2011, 2015
DF_BULK_CEN2011_DICA_MPSFIN1;1.0;Finanza - Dati sino al livello provinciale
DF_BULK_CEN2011_DICA_MPSMER;1.0;Competitività e mercato - Dati sino al livello provinciale
DF_BULK_CEN2011_DICA_N01BCOM;1.0;Risorse economiche - dati comunali
DF_BULK_CEN2011_DICA_N01CCOM;1.0;Risorse umane - dati comunali
DF_BULK_CEN2011_DICA_N01GCOM;1.0;Caratteristiche istituzione - dati comunali
DF_BULK_CEN2011_DICA_N01PCOM;1.0;Periodo assunzione forma giuridica - dati comunali
DF_BULK_CEN2011_DICA_N02SCOM;1.0;Servizi offerti - dati comunali
DF_BULK_CEN2011_DICA_N03ACOM;1.0;Tipo di attività economica - dati comunali
DF_BULK_CEN2011_DICA_N03FCOM;1.0;Tipologia di finanziamento prevalente - dati comunali
DF_BULK_CEN2011_DICA_N03OCOM;1.0;Orientamento dell'istituzione - dati comunali
DF_BULK_CEN2011_DICA_N04ECOM;1.0;Entrate - dati comunali
DF_BULK_CEN2011_DICA_N04UCOM;1.0;Uscite - dati comunali
DF_BULK_CEN2011_DICA_N05CCOM;1.0;Categorie professionali - dati comunali
DF_BULK_CEN2011_DICA_N05GCOM;1.0;Istituzioni lavoratori dipendenti e lavoratori esterni - dati comunali
DF_BULK_CEN2011_DICA_N05WCOM;1.0;Tipo contratto e regime orario dei dipendenti - dati comunali
DF_BULK_CEN2011_DICA_N06ECOM;1.0;Titolo di studio dei volontari - dati comunali
DF_BULK_CEN2011_DICA_N06GCOM;1.0;Istituzioni con volontari - dati comunali
DF_BULK_CEN2011_DICA_N06PCOM;1.0;Condizione occupazionale dei volontari - dati comunali
DF_BULK_CEN2011_DICA_N06YCOM;1.0;Classe di età dei volontari - dati comunali
DF_BULK_CEN2011_DICA_N07ACOM;1.0;Struttura - dati comunali
DF_BULK_CEN2011_DICA_N07BCOM;1.0;Entrate ed uscite - dati comunali
DF_BULK_CEN2011_DICA_N08CCOM;1.0;Tipologia di contatti diretti per raccolta fondi - dati comunali
DF_BULK_CEN2011_DICA_N08MCOM;1.0;Modalità raccolta fondi - dati comunali
DF_BULK_CEN2011_DICA_N08S;1.0;Strumenti comunicazione
DF_BULK_CEN2011_DICA_N08SCOM;1.0;Strumenti comunicazione - dati comunali
DF_BULK_CEN2011_DICA_N09AGCOM;1.0;Forme aggregative - dati comunali
DF_BULK_CEN2011_DICA_N09AZCOM;1.0;Ambito azione - dati comunali
DF_BULK_CEN2011_DICA_N09CCCOM;1.0;Contratti, convenzioni - dati comunali
DF_BULK_CEN2011_DICA_N09PICOM;1.0;Patti, intese - dati comunali
DF_BULK_CEN2011_DICA_N10GCOM;1.0;Risorse umane - dati comunali
DF_BULK_CEN2011_DICA_N10NCOM;1.0;Periodo assunzione forma giuridica, numerosità - dati comunali
DF_BULK_CEN2011_DICA_N13F;1.0;Adesione forme aggregative, strumenti comunicazione
DF_BULK_CEN2011_DICA_TRASVNPPROV;1.0;Settore di attività (ICNPO), forma giuridica e classe di addetti - Dati fino al livello comunale
DF_BULK_COMP_FRA_IND_MUN;1.0;Nota metodologica - Indice composito di fragilità comunale
DF_BULK_CPO2011_DICA_ABIT_PR_COM;1.0;Abitazioni occupate da persone residenti - Dati comunali
DF_BULK_CPO2011_DICA_ABIT_PR_COM1;1.0;Abitazioni occupate da persone residenti - Dati comunali
DF_BULK_CPO2011_DICA_CARATT_ATTL_COM;1.0;Occupati per sezioni di attività economica - Dati comunali
DF_BULK_CPO2011_DICA_COMPOP;1.0;Numero di comuni e popolazione residente - Dati provvisori
DF_BULK_CPO2011_DICA_COMPOPDEF;1.0;Numero di comuni e popolazione residente - Dati definitivi
DF_BULK_CPO2011_DICA_POP_RSPR_CITT1;1.0;Popolazione residente per cittadinanza - comuni
DF_BULK_DCIS_SPESESERSOC1;1.0;Interventi e servizi sociali dei comuni -  BULKDOWNLOAD
DF_BULK_DCSC_CAPACOFTUR;1.0;Capacità degli esercizi ricettivi per tipo di alloggio e per comune
DF_BULK_DCSC_OCCUPCOLLE;1.0;Movimento dei clienti (arrivi e presenze) negli esercizi ricettivi per tipologia ricettiva, residenza dei clienti e comune di destinazione
DF_BULK_DCSC_TURISAREA;1.0;Classificazione dei comuni per circoscrizione e tipo di località turistica
DF_BULK_DCSP_FOI1B2015_NUTS3;1.0;Tabella dei coefficienti di raccordo dalla base precedente alla base 2010 e alla base 2015 - per provincia
DF_BULK_DCSP_NIC1B2015_NUTS1;1.0;Tabella dei coefficienti di raccordo da base dicembre 1998 a base 2010 e da base 2010 a base 2015 - per ripartizione
DF_BULK_DCSP_NIC1B2015_NUTS3;1.0;Tabella dei coefficienti di raccordo dalla base precedente alla base 2010 e dalla base 2010 alla base 2015, per provincia
DF_BULK_DCSP_NICDUEB2010_TB3;1.0;Tabelle dei coefficienti di raccordo dalla base precedente a base 2010 per ripartizione geografica, regione, provincia e aggregati speciali
DF_BULK_DCSP_NICUNOBB2010_TB3;1.0;Tabelle dei coefficienti di raccordo dalla base precedente a base 2010 per ripartizione geografica, regione, provincia e aggregati speciali
DF_BULK_STIMEPERGR;1.0;Stime per grandi comuni e errori campionari- aggiornamento media annua
DF_BULK_SUBCOM2021;1.0;Dati comuni capoluogo delle citta' metropolitane_
DF_BULK_SUBCOM2023;1.0;Dati comuni capoluogo delle città metropolitane
DF_COMP_FRA_IND_MUNICIPAL_01;1.0;Indice composito di fragilità e sue componenti - livello comunale
DF_COMP_FRA_IND_MUNICIPAL_02;1.0;Indice composito di fragilità e sue componenti - per singolo comune
DF_DCSE_CPA_AT2007_COE_OPT_A_REG_ALL_PROV_LAZIO;1.0;CPAteco 2007 dato annuale a livello provinciale - dal 1991 - Lazio
DF_DCSE_CPA_AT2007_COE_OPT_A_REG_ALL_REG;1.0;CPAteco 2007 dato annuale a livello provinciale - dal 1991 - Regioni
DF_DCSE_CPA_ATECO2007_COE_A_Q_CONJ_PROV_LAZIO;1.0;CPA Ateco 2007 dati annuali e trimestrali a livello provinciale - Lazio
DF_DCSS_ABITAZIONI_TV_1;1.0;Abitazioni occupate e non occupate - comuni
DF_DCSS_ABITAZIONI_TV_2;1.0;Abitazioni occupate a titolo di proprietà, affitto, altro titolo - comuni
DF_DCSS_BEST_PPC_1_GC;1.0;Famiglie per percezione del rischio di criminalità nella zona in cui abitano - province e grandi comuni
DF_DCSS_BEST_PPC_2_GC;1.0;Persone di 14 anni e più per livello di soddisfazione della vita - province e grandi comuni
DF_DCSS_BEST_PPC_3_GC;1.0;Persone di 14 anni e più che hanno parenti su cui contare - province e grandi comuni
DF_DCSS_BEST_PPC_4_GC;1.0;Persone di 14 anni e più che hanno amici su cui contare - province e grandi comuni
DF_DCSS_BEST_PPC_5_GC;1.0;Persone di 14 anni e più che hanno vicini su cui contare - province e grandi comuni
DF_DCSS_BEST_PPC_6_GC;1.0;Persone di 14 anni e più per percezione della sicurezza camminando al buio da soli nella zona in cui abitano - province e grandi comuni
DF_DCSS_CARS_1;1.0;Automobili di proprietà per cittadinanza del proprietario - comuni
DF_DCSS_CARS_2;1.0;Automobili di proprietà per numero di componenti della famiglia - comuni
DF_DCSS_CARS_3;1.0;Automobili di proprietà per cittadinanza dei componenti della famiglia - comuni
DF_DCSS_CARS_PARK_1;1.0;Automobili di proprietà per cittadinanza del proprietario - comuni
DF_DCSS_CARS_PARK_2;1.0;Automobili di proprietà per numero di componenti della famiglia - comuni
DF_DCSS_CARS_PARK_3;1.0;Automobili di proprietà per cittadinanza dei componenti della famiglia - comuni
DF_DCSS_CARS_PARK_4;1.0;Famiglie per disponibilità di posto auto privato - province e grandi comuni
DF_DCSS_CARS_PARK_5;1.0;Famiglie che dispongono di posto auto privato per tipo di posto auto - province e grandi comuni
DF_DCSS_CONVIVENZE_TV_1;1.0;Popolazione residente in convivenza per tipo di convivenza, sesso, classi di età e cittadinanza - province e grandi comuni
DF_DCSS_CONVIVENZE_TV_2;1.0;Popolazione residente in convivenza per tipo di convivenza e sesso - comuni
DF_DCSS_CONVIVENZE_TV_3;1.0;Convivenze anagrafiche per numero di componenti in convivenza - province e grandi comuni
DF_DCSS_CONVIVENZE_TV_4;1.0;Convivenze anagrafiche per tipo di convivenza - comuni
DF_DCSS_EMPLP_1_COM;1.0;Occupati per sesso e posizione nella professione - comuni
DF_DCSS_EMPLP_2_COM;1.0;Occupati per sesso e settori di attività economica - comuni
DF_DCSS_FAMIGLIE_TV_1;1.0;Famiglie - comuni
DF_DCSS_FAMIGLIE_TV_2;1.0;Famiglie con almeno uno straniero residente  - comuni
DF_DCSS_FAMIGLIE_TV_3;1.0;Famiglie con tutti i componenti stranieri - comuni
DF_DCSS_FAMILY_NUCLEI_1_GC;1.0;Nuclei familiari per tipo di nucleo e numero di figli - province e grandi comuni
DF_DCSS_FAMILY_NUCLEI_2_GC;1.0;Coppie per tipo di coppia, stato coniugale e presenza di figli - province e grandi comuni
DF_DCSS_FAMILY_NUCLEI_3_GC;1.0;Coppie per classe di età del partner 1, del partner 2 e presenza di figli - province e grandi comuni
DF_DCSS_FAMILY_NUCLEI_4_GC;1.0;Nuclei familiari monogenitore per tipo di nucleo, sesso e classe di età del genitore - province e grandi comuni
DF_DCSS_FAM_POP_TV_1;1.0;Numero di famiglie e popolazione residente in famiglia - comuni
DF_DCSS_FAM_POP_TV_2;1.0;Numero medio di componenti per famiglia - comuni
DF_DCSS_FORPOP_1_GC;1.0;Popolazione straniera per stato civile - province e grandi comuni
DF_DCSS_FORPOP_2_GC;1.0;Popolazione straniera per posizione in famiglia o non in famiglia - province e grandi comuni
DF_DCSS_FORPOP_3_GC;1.0;Popolazione straniera per posizione nel nucleo - province e grandi comuni
DF_DCSS_FPHH_FNCL_1_GC;1.0;Popolazione straniera residente in famiglia per sesso, classe di età e tipologia della famiglia - province e grandi comuni
DF_DCSS_FPHH_FNCL_2_GC;1.0;Famiglie con almeno uno straniero residente per tipologia di famiglia - province e grandi comuni
DF_DCSS_FPHH_FNCL_3_GC;1.0;Nuclei familiari con almeno uno straniero residente per tipologia di nucleo e area geografica di cittadinanza della persona di riferimento - province e grandi comuni
DF_DCSS_HCUE_COM_1_COM;1.0;Popolazione per stato civile - comuni
DF_DCSS_HCUE_COM_2_COM;1.0;Popolazione per posizione in famiglia o non in famiglia - comuni
DF_DCSS_HCUE_COM_3_COM;1.0;Popolazione per paese di nascita - comuni
DF_DCSS_HCUE_COM_4_COM;1.0;Famiglie per tipo di famiglia - comuni
DF_DCSS_HCUE_COM_5_COM;1.0;Nuclei familiari per tipo di nucleo familiare - comuni
DF_DCSS_HCUE_COM_6_COM;1.0;Nuclei familiari per numero di componenti - comuni
DF_DCSS_HCUE_COM_7_COM;1.0;Abitazioni occupate e non occupate per tipo di edificio - comuni
DF_DCSS_HCUE_COM_8_COM;1.0;Alloggi occupati - comuni
DF_DCSS_HUDW_1_COM;1.0;Famiglie per titolo di godimento - comuni
DF_DCSS_HUDW_2_PROV;1.0;Abitazioni per epoca di costruzione e stato di occupazione - regioni e province
DF_DCSS_HUDW_3_PROV;1.0;Abitazioni occupate da almeno una persona residente per classi di superficie e numero di occupanti - regioni e province
DF_DCSS_HUDW_4_PROV;1.0;Abitazioni occupate da almeno una persona residente per densità abitativa - regioni e province
DF_DCSS_HUDW_5_PROV;1.0;Abitazioni occupate da almeno una persona residente per tipo di impianto di riscaldamento - regioni e province
DF_DCSS_ISTR_LAV_PEN_2_TV_1;1.0;Popolazione residente di 9 anni e più per grado di istruzione ed età - comuni
DF_DCSS_ISTR_LAV_PEN_2_TV_2;1.0;Popolazione residente di 9 anni e più per grado di istruzione e cittadinanza - comuni
DF_DCSS_ISTR_LAV_PEN_2_TV_3;1.0;Popolazione residente di 15 anni e più per condizione professionale ed età - comuni
DF_DCSS_ISTR_LAV_PEN_2_TV_4;1.0;Popolazione residente di 15 anni e più per condizione professionale e cittadinanza - comuni
DF_DCSS_ISTR_LAV_PEN_2_TV_5;1.0;Popolazione residente che si sposta giornalmente per studio o lavoro - comuni
DF_DCSS_LCAS_FRISC_1;1.0;Occupati per utilizzo di lavoro da casa e sesso - province e grandi comuni
DF_DCSS_LCAS_FRISC_2;1.0;Occupati per utilizzo di lavoro da casa e classi di età - province e grandi comuni
DF_DCSS_LCAS_FRISC_3;1.0;Popolazione residente di 14 anni e più per frequenza di un corso di formazione/aggiornamento professionale e sesso - province e grandi comuni
DF_DCSS_LCAS_FRISC_4;1.0;Popolazione residente fino a 8 anni per frequenza di asilo nido/scuola dell'infanzia/scuola primaria e sesso - province e grandi comuni
DF_DCSS_LCAS_FRISC_5;1.0;Popolazione residente di 9 anni e più per iscrizione a un corso regolare di studi  - province e grandi comuni
DF_DCSS_MIGR_BACKG_PAR_TV_10_COM;1.0;Popolazione straniera nata in italia e all'estero per grado di istruzione, cittadinanza e luogo di nascita dei genitori - comuni
DF_DCSS_MIGR_BACKG_PAR_TV_1_COM;1.0;Popolazione italiana dalla nascita, italiana per acquisizione e straniera/apolide per luogo di nascita dei genitori - comuni
DF_DCSS_MIGR_BACKG_PAR_TV_2_COM;1.0;Popolazione italiana nata in Italia per luogo di nascita dei genitori - comuni
DF_DCSS_MIGR_BACKG_PAR_TV_3_COM;1.0;Popolazione italiana nata all'estero (immigrata) per luogo di nascita dei genitori - comuni
DF_DCSS_MIGR_BACKG_PAR_TV_4_COM;1.0;Popolazione italiana per acquisizione nata in Italia per cittadinanza precedente e luogo di nascita dei genitori - comuni
DF_DCSS_MIGR_BACKG_PAR_TV_5_COM;1.0;Popolazione italiana per acquisizione nata all'estero (immigrata) per cittadinanza precedente e luogo di nascita dei genitori - comuni
DF_DCSS_MIGR_BACKG_PAR_TV_6_COM;1.0;Popolazione straniera nata in Italia per cittadinanza e luogo di nascita dei genitori - comuni
DF_DCSS_MIGR_BACKG_PAR_TV_7_COM;1.0;Popolazione straniera nata all'estero (immigrata) per cittadinanza e luogo di nascita dei genitori - comuni
DF_DCSS_MIGR_BACKG_PAR_TV_8_COM;1.0;Popolazione italiana nata in Italia e all'estero per grado di istruzione e luogo di nascita dei genitori - comuni
DF_DCSS_MIGR_BACKG_PAR_TV_9_COM;1.0;Popolazione italiana per acquisizione nata in Italia e all'estero per grado di istruzione, cittadinanza precedente e luogo di nascita dei genitori - comuni
DF_DCSS_POPHH_PHH_1_GC;1.0;Popolazione residente in famiglia per sesso, classe di età, e posizione nella famiglia - province e grandi comuni
DF_DCSS_POPHH_PHH_2_COM;1.0;Popolazione residente in famiglia per tipologia della famiglia - comuni
DF_DCSS_POPHH_PHH_3_GC;1.0;Popolazione residente in famiglia per numero di componenti e tpologia della famiglia - province e grandi comuni
DF_DCSS_POPHH_PHH_4_COM;1.0;Famiglie per tipologia della famiglia - comuni
DF_DCSS_POPHH_PHH_5_GC;1.0;Famiglie per numero di componenti e tipologia della famiglia - province e grandi comuni
DF_DCSS_POPRESABR_1_GC;1.0;Popolazione che è stata residente all'estero per classi di età,  anno di arrivo e luogo di dimora abituale 1 anno prima rispetto alla dimora attuale - province e grandi comuni
DF_DCSS_POPRESABR_2_GC;1.0;Popolazione che è stata residente all'estero per anno di arrivo e luogo di nascita - province e grandi comuni
DF_DCSS_POPRESABR_3_GC;1.0;Popolazione che è stata residente all'estero per anno di arrivo e area geografica di cittadinanza - province e grandi comuni
DF_DCSS_POP_CAMPI_ATTR_TV_1;1.0;Popolazione che vive nei campi attrezzati, negli insediamenti tollerati e spontanei - comuni
DF_DCSS_POP_DEMCITMIG_SETA_1;1.0;Popolazione residente per singole età, sesso e cittadinanza - comuni
DF_DCSS_POP_DEMCITMIG_TV_1;1.0;Popolazione residente per classi di età (quinquennali) e sesso - comuni
DF_DCSS_POP_DEMCITMIG_TV_2;1.0;Popolazione residente per classi di età (decennali), sesso e cittadinanza - comuni
DF_DCSS_POP_DEMCITMIG_TV_3;1.0;Popolazione straniera residente per area geografica e paesi di cittadinanza - comuni
DF_DCSS_POP_DEMCITMIG_TV_4;1.0;Popolazione straniera residente per principali paesi di cittadinanza - comuni con più di 20.000 ab.
DF_DCSS_POP_DEMCITMIG_TV_5;1.0;Indicatori demografici - comuni
DF_DCSS_RESPOP_PL1Y_1_GC;1.0;Popolazione residente per classe di età e luogo di dimora abituale 1 anno prima rispetto alla dimora attuale - province e grandi comuni
DF_DCSS_RESPOP_PL1Y_2_GC;1.0;Popolazione residente per cittadinanza e luogo di dimora abituale 1 anno prima rispetto alla dimora attuale - province e grandi comuni
DF_DCSS_RESPOP_PL1Y_3_GC;1.0;Popolazione residente per classe di età e luogo di dimora abituale 1 anno prima - province e grandi comuni
DF_DCSS_RESPOP_PL1Y_4_GC;1.0;Popolazione residente per cittadinanza e luogo di dimora abituale 1 anno prima - province e grandi comuni
DF_DCSS_RESPOP_PL1Y_5_GC;1.0;Popolazione residente per grado di istruzione e luogo di dimora abituale 1 anno prima rispetto alla dimora attuale - province e grandi comuni
DF_DCSS_RESPOP_PL1Y_6_GC;1.0;Popolazione residente per condizione professionale e luogo di dimora abituale 1 anno prima rispetto alla dimora attuale - province e grandi comuni
DF_DCSS_SENZA_TETTO_TV_1;1.0;Persone senza tetto e senza fissa dimora - comuni
DF_DIPS_SIR_IND_TERR_DRT_MUN_1;1.0;Indicatori e territorio
DF_DIPS_SIR_IND_TERR_DRT_MUN_2;1.0;Indicatori per singolo territorio
DF_DIPS_SIR_IND_TERR_DRT_OCC_RBI_MUN_1;1.0;Indicatori e territorio (addetti - imprese)
DF_DIPS_SIR_IND_TERR_DRT_OCC_RBI_MUN_2;1.0;Indicatori per singolo territorio (addetti - imprese)
DF_DIPS_SIR_IND_TERR_DRT_OCC_RBI_MUN_3;1.0;Indicatori e territorio (indipendenti)
DF_DIPS_SIR_IND_TERR_DRT_OCC_RBI_MUN_4;1.0;Indicatori per singolo territorio (indipendenti)
DF_DIPS_SIR_IND_TERR_DRT_OCC_RBI_MUN_5;1.0;Indicatori e territorio (dipendenti)
DF_DIPS_SIR_IND_TERR_DRT_OCC_RBI_MUN_6;1.0;Indicatori per singolo territorio (dipendenti)
